<project xmlns="http://maven.apache.org/POM/4.0.0"
	xmlns:xsi="http://www.w3.org/2001/XMLSchema-instance"
	xsi:schemaLocation="http://maven.apache.org/POM/4.0.0 http://maven.apache.org/xsd/maven-4.0.0.xsd">
	<modelVersion>4.0.0</modelVersion>

	<groupId>Sabic</groupId>
	<artifactId>Monshaat</artifactId>
	<version>0.0.1-SNAPSHOT</version>
	<packaging>jar</packaging>

	<name>Monshaat</name>
	<url>http://maven.apache.org</url>

	<properties>
		<project.build.sourceEncoding>UTF-8</project.build.sourceEncoding>
	</properties>

	<build>

		<plugins>

			<plugin>
				<groupId>org.apache.maven.plugins</groupId>
				<artifactId>maven-compiler-plugin</artifactId>
				<version>3.8.1</version>
				<configuration>
					<source>1.8</source>
					<target>1.8</target>
				</configuration>
			</plugin>

			<plugin>
				<groupId>org.apache.maven.plugins</groupId>
				<artifactId>maven-surefire-plugin</artifactId>
				<version>3.0.0-M4</version>
				<configuration>
					<suiteXmlFiles>
						<suiteXmlFile>testng.xml</suiteXmlFile>
					</suiteXmlFiles>
				</configuration>
			</plugin>

		</plugins>

	</build>

	<dependencies>

		<!-- https://mvnrepository.com/artifact/org.seleniumhq.selenium/selenium-java -->
		<dependency>
			<groupId>org.seleniumhq.selenium</groupId>
			<artifactId>selenium-java</artifactId>
			<version>3.141.59</version>
		</dependency>

		<!-- https://mvnrepository.com/artifact/org.seleniumhq.selenium/selenium-server -->
		<dependency>
			<groupId>org.seleniumhq.selenium</groupId>
			<artifactId>selenium-server</artifactId>
			<version>3.141.59</version>
		</dependency>

		<!-- https://mvnrepository.com/artifact/junit/junit -->
		<dependency>
			<groupId>junit</groupId>
			<artifactId>junit</artifactId>
			<version>4.12</version>
			<scope>test</scope>
		</dependency>

		<!-- https://mvnrepository.com/artifact/org.testng/testng -->
		<dependency>
			<groupId>org.testng</groupId>
			<artifactId>testng</artifactId>
			<version>6.14.3</version>
			<scope>test</scope>
		</dependency>

		<!-- https://mvnrepository.com/artifact/org.apache.poi/poi -->
		<dependency>
			<groupId>org.apache.poi</groupId>
			<artifactId>poi</artifactId>
			<version>4.1.0</version>
		</dependency>

		<!-- https://mvnrepository.com/artifact/org.apache.poi/poi-ooxml -->
		<dependency>
			<groupId>org.apache.poi</groupId>
			<artifactId>poi-ooxml</artifactId>
			<version>4.1.0</version>
		</dependency>

		<!-- https://mvnrepository.com/artifact/org.apache.poi/poi-ooxml-schemas -->
		<dependency>
			<groupId>org.apache.poi</groupId>
			<artifactId>poi-ooxml-schemas</artifactId>
			<version>4.1.0</version>
		</dependency>

		<!-- https://mvnrepository.com/artifact/org.apache.poi/poi-scratchpad -->
		<dependency>
			<groupId>org.apache.poi</groupId>
			<artifactId>poi-scratchpad</artifactId>
			<version>4.1.0</version>
		</dependency>

		<!-- https://mvnrepository.com/artifact/org.apache.poi/poi-examples -->
		<dependency>
			<groupId>org.apache.poi</groupId>
			<artifactId>poi-examples</artifactId>
			<version>4.1.0</version>
		</dependency>

		<!-- https://mvnrepository.com/artifact/org.apache.logging.log4j/log4j-core -->
		<dependency>
			<groupId>org.apache.logging.log4j</groupId>
			<artifactId>log4j-core</artifactId>
			<version>2.12.0</version>
		</dependency>

		<!-- https://mvnrepository.com/artifact/org.apache.logging.log4j/log4j-api -->
		<dependency>
			<groupId>org.apache.logging.log4j</groupId>
			<artifactId>log4j-api</artifactId>
			<version>2.12.0</version>
		</dependency>

		<!-- https://mvnrepository.com/artifact/com.aventstack/extentreports -->
		<dependency>
			<groupId>com.aventstack</groupId>
			<artifactId>extentreports</artifactId>
			<version>3.1.5</version>
		</dependency>


	</dependencies>

</project>