<?xml version="1.0" encoding="UTF-8"?>
<!DOCTYPE suite SYSTEM "http://testng.org/testng-1.0.dtd">
<suite name="BugSprit" thread-count="1">
	<parameter name="suiteType" value="Serial" />

	<test name="OLAM OFIS BugSprint test">
		<parameter name="testCaseNameLogin"
			value="Application Login" />
		<parameter name="testCaseDescLogin"
			value="Application Login functionality" />
		<parameter name="testCaseNameLogout"
			value="Application Logout" />
		<parameter name="testCaseDescLogout"
			value="Application Logout Functionality" />
		<classes>
			<class name="com.olam.ofis.testcases.BugSprint">
				<methods>
				
					<!-- include name="farmerOverviewStartRegressionTest" is a @test methods to execute -->
					<!-- parameter name="testCaseName" is used same as method name(which automation script name) becuase this test case name shown in left panel of extent report. Incase any failure in the test case we easily ideifiy script name  -->
					<!-- parameter name="testCaseDesc" is used to print test case desciption in extent report -->
					
					<include name="fmpPlanTextAreaValidation">
						<parameter name="testCaseName" value="fmpPlanTextAreaValidation" />
						<parameter name="testCaseDesc" value="" />
					</include>
					
					<include
						name="fmpPlanTextAreaValidationForPesticideRecommendation">
						<parameter name="testCaseName"
							value="fmpPlanTextAreaValidationForPesticideRecommendation" />
						<parameter name="testCaseDesc"
							value="To validate pesticide text fields" />
					</include> 
					
					<include name="fmpPlanTextAreaValidationForPestsAdivce">
						<parameter name="testCaseName" value="TextAreaValidationForPestsAdivce" />
						<parameter name="testCaseDesc" value="TextArea Validation For PestsAdivce" />
					</include>
					
					<include name="fmpNewTemplateAdd">
						<parameter name="testCaseName" value="fmpNewTemplateAdd" />
						<parameter name="testCaseDesc" value="Add new template" />
					</include>
					
					<include name="farmerManagementPlanSmokeTest">
						<parameter name="testCaseName" value="FMP" />
						<parameter name="testCaseDesc" value="Completed flow" />
					</include>
				</methods>
			</class>
		</classes>
	</test>


</suite> <!-- Suite -->
