<?xml version="1.0" encoding="UTF-8"?>
<!DOCTYPE suite SYSTEM "http://testng.org/testng-1.0.dtd">
<suite name="TestSuite" thread-count="1">
	<parameter name="suiteType" value="Serial" />

	<test name="OLAM OFIS Smoke test">
		<parameter name="testCaseNameLogin"
			value="Application Login" />
		<parameter name="testCaseDescLogin"
			value="Application Login functionality" />
		<parameter name="testCaseNameLogout"
			value="Application Logout" />
		<parameter name="testCaseDescLogout"
			value="Application Logout Functionality" />
		<classes>
<!-- 
		<class name="com.olam.ofis.testcases.RegressionTestCases">
				<methods>
 
				 <include name="farmerOverviewStartApiRegressionTest">
						<parameter name="testCaseName"
							value="farmerOverviewStartApiRegressionTest" />
						<parameter name="testCaseDesc"
							value="Farmer overview Regression API validation Started" />
					</include>
 --> 
<!--
				 <include name="farmerOverviewStartRegressionTest">
						<parameter name="testCaseName"
							value="farmerOverviewStartRegressionTest" />
						<parameter name="testCaseDesc"
							value="Farmer overview Regression validation Started" />
					</include>  

					<include name="foOverviewTabApiValidation">
						<parameter name="testCaseName"
							value="foOverviewTabApiValidation" />
						<parameter name="testCaseDesc"
							value="Farmer overview-> Over view tab API validation" />
					</include>
       					
					<include name="farmersBlockRegressionTest">
						<parameter name="testCaseName"
							value="farmersBlockRegressionTest" />
						<parameter name="testCaseDesc"
							value="Validate loaded values in OVERVIEW TAB->Farmersblock->Farmers->FarmerProfile->validation" />
					</include>
 					
 	--> 			 		 	  
<!-- 
				<include name="enumeratorBlockRegressionTest">
						<parameter name="testCaseName"
							value="enumeratorBlockRegressionTest" />
						<parameter name="testCaseDesc"
							value="Validate loaded values in OVERVIEW TAB->EnumeratorBlock->Enumerators->Enumerator Details->validation" />
					</include>

					<include name="farmersAddedBlockRegressionTest">
						<parameter name="testCaseName"
							value="farmersAddedBlockRegressionTest" />
						<parameter name="testCaseDesc"
							value="Validate loaded values in OVERVIEW TAB->EnumeratorBlock>Enumerators->FARMERS ADDED->Farmer Profile->validation" />
					</include>
  	 -->				
<!--	
					<include name="recentSurveyBlockRegressionTest">
						<parameter name="testCaseName"
							value="recentSurveyBlockRegressionTest" />
						<parameter name="testCaseDesc"
							value="Validate loaded values in OVERVIEW TAB-> EnumeratorBlock>Enumerators->RECENT SURVEYS->STATISTICS->validation" />
					</include>
					<include name="enumeratorViewBlockRegressionTest">
						<parameter name="testCaseName"
							value="enumeratorViewBlockRegressionTest" />
						<parameter name="testCaseDesc"
							value="Validate loaded values in OVERVIEW TAB-> EnumeratorBlock>Enumerators->RECENT SURVEYS->STATISTICS->Enumerator View->validation" />
					</include>
					
				
					<include name="surveyBlockRegressionTest">
						<parameter name="testCaseName"
							value="surveyBlockRegressionTest" />
						<parameter name="testCaseDesc"
							value="Validate loaded values in OVERVIEW TAB-> EnumeratorBlock>Enumerators->RECENT SURVEYS->STATISTICS->MODULE VIEW->validation" />
					</include>
 	
					<include name="questionsBlockRegressionTest">
						<parameter name="testCaseName"
							value="questionsBlockRegressionTest" />
						<parameter name="testCaseDesc"
							value="Validate loaded values in OVERVIEW TAB->EnumeratorBlock>Enumerators->RECENT SURVEYS->STATISTICS->MODULE VIEW->TOTAL QUESTIONS VIEW->validation" />
					</include>
				
					<include name="farmersCompletedBlockRegressionTest">
						<parameter name="testCaseName"
							value="Farmer Overview - Enumerator block - 5th level - 2nd popup-> Survey Status Title - validation" />
						<parameter name="testCaseDesc"
							value="Validate loaded values in OVERVIEW TAB->EnumeratorBlock>Enumerators->RECENT SURVEYS->STATISTICS->MODULE VIEW->FARMERS COMPLETED VIEW->validation" />
					</include>
					
					<include name="surveyNotCompletedFarmerProfileRegressionTest">
						<parameter name="testCaseName"
							value="surveyNotCompletedFarmerProfileRegressionTest" />
						<parameter name="testCaseDesc"
							value="Validate loaded values in OVERVIEW TAB->EnumeratorBlock>Enumerators->RECENT SURVEYS->STATISTICS->MODULE VIEW->FARMERS COMPLETED VIEW->SURVEY NOT COMPLETED->Farmer Profile->validation" />
					</include>
					
					<include name="surveyCompletedFarmerProfileRegressionTest">
						<parameter name="testCaseName"
							value="surveyCompletedFarmerProfileRegressionTest" />
						<parameter name="testCaseDesc"
							value="Validate loaded values in OVERVIEW TAB->EnumeratorBlock>Enumerators->RECENT SURVEYS->STATISTICS->MODULE VIEW->FARMERS COMPLETED VIEW->SURVEY COMPLETED->Farmer Profile->validation" />
					</include>
					<include name="subModule1stRecordRegressionTest">
						<parameter name="testCaseName"
							value="subModule1stRecordRegressionTest" />
						<parameter name="testCaseDesc"
							value="Validate loaded values in OVERVIEW TAB->EnumeratorBlock>Enumerators->RECENT SURVEYS->STATISTICS->MODULE VIEW->SUB MODULES->1st record->validation" />
					</include>
  -->		
				
 	<!-- 	 		   					 
	 			<include name="sectionsBlockRegressionTest">
						<parameter name="testCaseName"
							value="sectionsBlockRegressionTest - Left panel" />
						<parameter name="testCaseDesc"
							value="Validate loaded values in OVERVIEW TAB->Sections block->STATISTICS->validation" />
					</include>
	
					<include name="sectionsFarmersBlockRegressionTest">
						<parameter name="testCaseName"
							value="Farmer Overview - Sections popup -> Farmers block validation" />
						<parameter name="testCaseDesc"
							value="Validate loaded values in OVERVIEW TAB->Sections block->FARMERS->Farmer Profile->validation" />
					</include>
	 
   	
	 			<include name="rightSectionsBlockRegressionTest">
						<parameter name="testCaseName"
							value="rightSectionsBlockRegressionTest" />
						<parameter name="testCaseDesc"
							value="Validate loaded values in OVERVIEW TAB->right panel-Sections block->STATISTICS->validation" />
					</include>
				
				<include name="rightSectionsFarmersBlockRegressionTest">
						<parameter name="testCaseName"
							value="rightSectionsFarmersBlockRegressionTest" />
						<parameter name="testCaseDesc"
							value="Validate loaded values in OVERVIEW TAB->right panel-Sections block->FARMERS->Farmer Profile->validation" />
					</include>

 -->				
<!--   	
 				<include name="surveysCompQuestionsBlockRegressionTest">
						<parameter name="testCaseName"
							value="surveysCompQuestionsBlockRegressionTest" />
						<parameter name="testCaseDesc"
							value="Validate loaded values in OVERVIEW TAB->Survey Completed block(item-1)->STATISTICS->validation" />
					</include>
					
				<include name="surveysCompFarmersCompletedBlockRegressionTest">
						<parameter name="testCaseName"
							value="surveysCompFarmersCompletedBlockRegressionTest" />
						<parameter name="testCaseDesc"
							value="Validate loaded values in OVERVIEW TAB->Survey Completed block(item-1)->STATISTICS->FARMERS COMPLETED->validation" />
					</include>
					
				<include name="surveysCompSurveysNotCompletedRegressionTest">
						<parameter name="testCaseName"
							value="surveysCompSurveysNotCompletedRegressionTest" />
						<parameter name="testCaseDesc"
							value="Validate loaded values in OVERVIEW TAB->Survey Completed block(item-1)->STATISTICS->FARMERS COMPLETED->->Survey Not Completed block->validation" />
					</include>
					
				<include name="surveysCompSurveysCompletedRegressionTest">
						<parameter name="testCaseName"
							value="surveysCompSurveysCompletedRegressionTest" />
						<parameter name="testCaseDesc"
							value="Validate loaded values in OVERVIEW TAB->Survey Completed block(item-1)->STATISTICS->FARMERS COMPLETED->->Survey Completed block->validation" />
					</include>	
					
					<include name="surveysCompSubModule1stRecordRegressionTest">
						<parameter name="testCaseName"
							value="surveysCompSubModule1stRecordRegressionTest" />
						<parameter name="testCaseDesc"
							value="Validate loaded values in OVERVIEW TAB->Survey Completed block(item-1)->STATISTICS->Sub Module->1st Record->validation" />
					</include>	
 	-->
<!-- 	   
 				<include name="surveysCompAnnualQuestionsBlockRegressionTest">
						<parameter name="testCaseName"
							value="surveysCompAnnualQuestionsBlockRegressionTest" />
						<parameter name="testCaseDesc"
							value="Validate loaded values in OVERVIEW TAB->Survey Completed block(item-2)->STATISTICS->validation" />
					</include>
		 			<include name="surveysCompAnnualFarmersCompletedBlockRegressionTest">
						<parameter name="testCaseName"
							value="surveysCompAnnualFarmersCompletedBlockRegressionTest" />
						<parameter name="testCaseDesc"
							value="Validate loaded values in OVERVIEW TAB->Survey Completed block(item-2)->STATISTICS->FARMERS COMPLETED->validation" />
					</include>
					
				<include name="surveysCompAnnualSurveysNotCompletedRegressionTest">
						<parameter name="testCaseName"
							value="surveysCompAnnualSurveysNotCompletedRegressionTest" />
						<parameter name="testCaseDesc"
							value="Validate loaded values in OVERVIEW TAB->Survey Completed block(item-2)->STATISTICS->FARMERS COMPLETED->Survey Not Completed block->validation" />
					</include>
					
				<include name="surveysCompAnnualSurveysCompletedRegressionTest">
						<parameter name="testCaseName"
							value="surveysCompAnnualSurveysCompletedRegressionTest" />
						<parameter name="testCaseDesc"
							value="Validate loaded values in OVERVIEW TAB->Survey Completed block(item-2)->STATISTICS->FARMERS COMPLETED->->Survey Completed block->validation" />
					</include>	
					
					<include name="surveysCompAnnualSubModule1stRecordRegressionTest">
						<parameter name="testCaseName"
							value="surveysCompAnnualSubModule1stRecordRegressionTest" />
						<parameter name="testCaseDesc"
							value="Validate loaded values in OVERVIEW TAB->Survey Completed block(item-2)->STATISTICS->Sub Module->1st Record->validation" />
					</include>
					
					<include name="activityRegressionTest">
						<parameter name="testCaseName"
							value="activityRegressionTest" />
						<parameter name="testCaseDesc"
							value="Farmer overview-> Over view tab->Activity block -> validation" />
					</include>
	 -->	 	
<!-- 	
				<include name="statementBlockRegressionTest">
						<parameter name="testCaseName"
							value="statementBlockRegressionTest" />
						<parameter name="testCaseDesc"
							value="Validate loaded values in TRAINING TAB->Statement block->validation" />
				</include>
				
				<include name="attendeesBlockRegressionTest">
						<parameter name="testCaseName"
							value="attendeesBlockRegressionTest" />
						<parameter name="testCaseDesc"
							value="Validate loaded values in TRAINING TAB->Statement Block->Attendees block->validation" />
				</include>	
 					
				<include name="courseListBlockRegressionTest">
						<parameter name="testCaseName"
							value="courseListBlockRegressionTest" />
						<parameter name="testCaseDesc"
							value="Validate loaded values in TRAINING TAB->Course list block->validation" />
				</include>
				
				<include name="trainingModulesRegressionTest">
						<parameter name="testCaseName"
							value="trainingModulesRegressionTest" />
						<parameter name="testCaseDesc"
							value="Validate loaded values in TRAINING TAB->Course list block->Training Modules block->validation" />
				</include>
				<include name="farmersAttemptedBlockRegressionTest">
						<parameter name="testCaseName"
							value="farmersAttemptedBlockRegressionTest" />
						<parameter name="testCaseDesc"
							value="Validate loaded values in TRAINING TAB->Course list block->Farmers Attempts block->validation" />
				</include>		
	 			<include name="farmersAttemptedBlockFarmerProfileRegressionTest">
						<parameter name="testCaseName"
							value="farmersAttemptedBlockFarmerProfileRegressionTest" />
						<parameter name="testCaseDesc"
							value="Validate loaded values in TRAINING TAB->Course list block->Farmers Attempts block->Farmer profile->validation" />
				</include>		
	 		
	 			<include name="lastSessionsBlockRegressionTest">
						<parameter name="testCaseName"
							value="lastSessionsBlockRegressionTest" />
						<parameter name="testCaseDesc"
							value="Validate loaded values in TRAINING TAB->Course list block->Last Sessions Block->validation" />
				</include>
				<include name="lastSessionsBlockAttendeesRegressionTest">
						<parameter name="testCaseName"
							value="lastSessionsBlockAttendeesRegressionTest" />
						<parameter name="testCaseDesc"
							value="Validate loaded values in TRAINING TAB->Course list->Last Sessions->Attendees Block->validation" />
				</include>

		
				<include name="trainingBlockEnumeratorsRegressionTest">
						<parameter name="testCaseName"
							value="trainingBlockEnumeratorsRegressionTest" />
						<parameter name="testCaseDesc"
							value="Validate loaded values in TRAINING TAB->Enumerators Block->validation" />
				</include>		
						
				<include name="trainingBlockTrainingModulesRegressionTest">
						<parameter name="testCaseName"
							value="trainingBlockTrainingModulesRegressionTest" />
						<parameter name="testCaseDesc"
							value="Validate loaded values in TRAINING TAB->Enumerators->Training Modules Block->validation" />
				</include>	
				
				<include name="recentTrainingDaysRegressionTest">
						<parameter name="testCaseName"
							value="recentTrainingDaysRegressionTest" />
						<parameter name="testCaseDesc"
							value="Validate loaded values in TRAINING TAB->Enumerators->Training Modules->Recent Training Days Block->validation" />
				</include>	
				
				<include name="recentTrainingDaysAttendeesBlockRegressionTest">
						<parameter name="testCaseName"
							value="recentTrainingDaysAttendeesBlockRegressionTest" />
						<parameter name="testCaseDesc"
							value="Validate loaded values in TRAINING TAB->Enumerators->Training Modules->Recent Training Days->Attendees Block->validation" />
				</include>		
		
     				
				<include name="farmerManagementPlanRegressionTest">
						<parameter name="testCaseName"
							value="farmerManagementPlanRegressionTest" />
						<parameter name="testCaseDesc"
							value="Validate loaded values in MANAGEMENT TAB->farmer Management Plan block(All block)->validation" />
					</include>			
 -->
 <!--									
  				<include name="foApiFarmerManagementPlan">
						<parameter name="testCaseName"
							value="foApiFarmerManagementPlan" />
						<parameter name="testCaseDesc"
							value="Validate loaded values in MANAGEMENT TAB->farmer Management Plan block(All block)->validation" />
					</include>								
  
			 
  					<include name="taskListNavigation"> 
						<parameter name="testCaseName"
							value="taskList" />
						<parameter name="testCaseDesc"
							value="Validate loaded values in Tasks-Task List->Task Details->validation" />
					</include>
  
  					<include name="taskDetailsActionsEditAndAddAssignees">
						<parameter name="testCaseName"
							value="taskDetailsActionsEditAndAddAssignees" />
						<parameter name="testCaseDesc"
							value="Validate loaded values in Tasks-Task List->Task Details->Edit Task Details->validation" />
					</include>
-->  					
<!--  	

 				<include name="enumeratorGroupSearchAndView">
						<parameter name="testCaseName"
							value="enumeratorGroupSearchAndView" />
						<parameter name="testCaseDesc"
							value="Validate loaded values in Tasks-Task List->Enumerator Group->validation" />
				</include>
 				

  					<include name="chooseRecipientSearchAndView">
						<parameter name="testCaseName"
							value="chooseRecipentSearchAndView" />
						<parameter name="testCaseDesc"
							value="Validate loaded values in Tasks-Task List->Choose Recipient->Search and View->validation" />
					</include>								

				<include name="smsCampaignsNavigation">
						<parameter name="testCaseName"
							value="smsCampaigns" />
						<parameter name="testCaseDesc"
							value="Validate loaded values in Tasks-smsCampaigns->validation" />
					</include>
					
					<include name="smsCampaignschooseRecipient">
						<parameter name="testCaseName"
							value="smsCampaignschooseRecipient" />
						<parameter name="testCaseDesc"
							value="Validate loaded values in Tasks-smsCampaigns->Choose Recipients->validation" />
					</include>
  -->
 <!--  
  					<include name="reviewSubmittedDataCocoaAnnualSurvey">
						<parameter name="testCaseName"
							value="reviewSubmittedDataCocoaAnnualSurvey" />
						<parameter name="testCaseDesc"
							value="Validate loaded values in Tasks->Review Submitted Data->popup Cocoa ANNUAL Survey and Farmer Profile->validation" />
					</include>
				
					<include name="reviewSubmittedDataCocoaBaselineSurvey">
						<parameter name="testCaseName"
							value="reviewSubmittedDataCocoaBaselineSurvey" />
						<parameter name="testCaseDesc"
							value="Validate loaded values in Tasks->Review Submitted Data->popup Cocoa BASELINE Survey and Farmer Profile->validation" />
					</include>
		-->		
   
  			
		<class name="com.olam.ofis.testcases.SmokeTestCases">
				<methods>
<!--
					<include name="dashboardSmokeTest">
						<parameter name="testCaseName"
							value="Dashboard - smoke Test" />
						<parameter name="testCaseDesc"
							value="Login 
						and validate loaded values in Dashboard" />
					</include>

					<include name="analysisSmokeTest">
						<parameter name="testCaseName"
							value="Analysis - smoke Test" />
						<parameter name="testCaseDesc"
							value="Naviate to Analysis page and validate loaded 
						values in Analysis page" />
					</include>

					<include name="farmerOverviewSmokeTest">
						<parameter name="testCaseName"
							value="Farmer Overview - smoke Test" />
						<parameter name="testCaseDesc"
							value="Search Farmer Overview page and 
						validate loaded values in Farmer Overview page" />
					</include>
					
					<include name="tasksListSmokeTest">
						<parameter name="testCaseName"
							value="Tasks List - smoke Test" />
						<parameter name="testCaseDesc"
							value="Login and navigate to Tasks List page and edit 1st record and validate loaded values" />
					</include>

					<include name="smsCampaignsSmokeTest">
						<parameter name="testCaseName"
							value="SMS Campaigns - smoke Test" />
						<parameter name="testCaseDesc"
							value="Login and navigate to SMS Campaigns page and edit 1st record and validate loaded values" />
					</include>
 
 					<include name="usersSmokeTest">
						<parameter name="testCaseName"
							value="Users - smoke Test" />
						<parameter name="testCaseDesc"
							value="Login and navigate to Users 
						page and edit 1st record and validate loaded values" />
					</include>
 
					<include name="enumeratorSmokeTest">
						<parameter name="testCaseName"
							value="Enumerator 
						- smoke Test" />
						<parameter name="testCaseDesc"
							value="Login and navigate 
						to Enumerator page and edit 1st record and validate loaded values" />
					</include>

					<include name="rolesSmokeTest">
						<parameter name="testCaseName"
							value="Roles 
						- smoke Test" />
						<parameter name="testCaseDesc"
							value="Login and navigate 
						to Roles page and edit 1st record and validate loaded values" />
					</include>
					

					<include name="permissionsSmokeTest">
						<parameter name="testCaseName"
							value="Permissions - smoke Test" />
						<parameter name="testCaseDesc"
							value="Login 
						and navigate to Permissions page and edit 1st record and validate loaded 
						values" />
					</include>

					<include name="countriesSmokeTest">
						<parameter name="testCaseName"
							value="Countries - smoke Test" />
						<parameter name="testCaseDesc"
							value="Login 
						and navigate to Countries page and edit 1st record and validate loaded 
						values" />
					</include>

					<include name="regionsSmokeTest">
						<parameter name="testCaseName"
							value="Regions - smoke Test" />
						<parameter name="testCaseDesc"
							value="Login 
						and navigate to Regions page and edit 1st record and validate loaded values" />
					</include>

					<include name="districtsSmokeTest">
						<parameter name="testCaseName"
							value="districts - smoke Test" />
						<parameter name="testCaseDesc"
							value="Login and navigate to districts page and edit 1st record and validate 
						loaded values" />
					</include>


					<include name="placesSmokeTest">
						<parameter name="testCaseName"
							value="Places - smoke Test" />
						<parameter name="testCaseDesc"
							value="Login and navigate to Places page and edit 1st record and validate 
						loaded values" />
					</include>

					<include name="farmerGroupsSmokeTest">
						<parameter name="testCaseName"
							value="Farmer Groups - smoke Test" />
						<parameter name="testCaseDesc"
							value="Login and navigate to Farmer Groups 
						page and edit 1st record and validate loaded values" />
					</include>

					<include name="sectionsSmokeTest">
						<parameter name="testCaseName"
							value="Sections - smoke Test" />
						<parameter name="testCaseDesc"
							value="Login 
						and navigate to Sections page and edit 1st record and validate loaded 
						values" />
					</include>

					<include name="programmesSmokeTest">
						<parameter name="testCaseName"
							value="Programmes - smoke Test" />
						<parameter name="testCaseDesc"
							value="Login and navigate to Programmes page and edit 1st record and 
						validate loaded values" />
					</include>

					<include name="partnersSmokeTest">
						<parameter name="testCaseName"
							value="Partners - smoke Test" />
						<parameter name="testCaseDesc"
							value="Login and navigate to Partners 
						page and edit 1st record and validate loaded values" />
					</include>

					<include name="productsSmokeTest">
						<parameter name="testCaseName"
							value="Products - smoke Test" />
						<parameter name="testCaseDesc"
							value="Login 
						and navigate to Products page and edit 1st record and validate loaded 
						values" />
					</include>

					<include name="molulesSmokeTest">
						<parameter name="testCaseName"
							value="Molules - smoke Test" />
						<parameter name="testCaseDesc"
							value="Login 
						and navigate to Molules page and edit 1st record and validate loaded 
						values" />
					</include>

					<include name="subMolulesSmokeTest">
						<parameter name="testCaseName"
							value="Sub Molules - smoke Test" />
						<parameter name="testCaseDesc"
							value="Login and navigate to Sub Molules page and edit 1st record and 
						validate loaded values" />
					</include>
 
					<include name="moluleAssignmentsSmokeTest">
						<parameter name="testCaseName"
							value="Molule Assignments - smoke 
						Test" />
						<parameter name="testCaseDesc"
							value="Login and navigate to 
						Molule Assignments page and edit 1st record and validate loaded values" />
					</include>
 
					<include name="questionsSmokeTest">
						<parameter name="testCaseName"
							value="Questions - smoke Test" />
						<parameter name="testCaseDesc"
							value="Login and navigate to Questions page and edit 1st record and validate 
						loaded values" />
					</include>

					<include name="lookupValuesSmokeTest">
						<parameter name="testCaseName"
							value="Lookup Values - smoke Test" />
						<parameter name="testCaseDesc"
							value="Login and navigate to Lookup Values 
						page and edit 1st record and validate loaded values" />
					</include>

					<include name="dimensionsSmokeTest">
						<parameter name="testCaseName"
							value="Dimensions - smoke Test" />
						<parameter name="testCaseDesc"
							value="Login 
						and navigate to Dimensions page and edit 1st record and validate loaded 
						values" />
					</include>
 
					<include name="dimensionsGroupsSmokeTest">
						<parameter name="testCaseName"
							value="Dimensions Groups - smoke Test" />
						<parameter name="testCaseDesc"
							value="Login and navigate to Dimensions Groups 
						page and edit 1st record and validate loaded values" />
					</include>

					<include name="socialInfrastructurePointSmokeTest">
						<parameter name="testCaseName"
							value="Social Infrastructure Point - smoke Test" />
						<parameter name="testCaseDesc"
							value="Login and navigate to Social Infrastructure Point page and edit 1st 
						record and validate loaded values" />
					</include>
-->
					<include name="coursesSmokeTest">
						<parameter name="testCaseName"
							value="Courses - smoke Test" />
						<parameter name="testCaseDesc"
							value="Login and navigate to Courses page and edit 
						1st record and validate loaded values" />
					</include>

					<include name="trainingModulesSmokeTest">
						<parameter name="testCaseName"
							value="Training Modules - smoke Test" />
						<parameter name="testCaseDesc"
							value="Login and navigate to Training 
						Modules page and edit 1st record and validate loaded values" />
					</include>
 
					<include name="completionCriteriaSmokeTest">
						<parameter name="testCaseName"
							value="Completion Criteria - smoke Test" />
						<parameter name="testCaseDesc"
							value="Login and navigate to Completion Criteria page and edit 1st record 
						and validate loaded values" />
					</include>
<!--
					<include name="farmerManagementPlanSmokeTest">
						<parameter name="testCaseName"
							value="Farmer Management Plan - smoke 
						Test" />
						<parameter name="testCaseDesc"
							value="Login and navigate to 
						Farmer Management Plan page and edit 1st record and validate loaded values" />
					</include>

 -->										
					 
				</methods>
			</class>
		</classes>
	</test>



</suite> <!-- Suite -->
