<?xml version="1.0" encoding="UTF-8"?>
<!DOCTYPE suite SYSTEM "http://testng.org/testng-1.0.dtd">
<suite name="TestSuite" thread-count="1">
	<parameter name="suiteType" value="Serial" />

	<test name="OLAM OFIS Regression test">
		<parameter name="testCaseNameLogin"
			value="Application Login" />
		<parameter name="testCaseDescLogin"
			value="Application Login functionality" />
		<parameter name="testCaseNameLogout"
			value="Application Logout" />
		<parameter name="testCaseDescLogout"
			value="Application Logout Functionality" />
		<classes>

			<class name="com.olam.ofis.testcases.RegressionTestCases">
				<methods>
 					<!-- include name="farmerOverviewStartRegressionTest" is a @test methods to execute -->
					<!-- parameter name="testCaseName" is used same as method name(which automation script name) becuase this test case name shown in left panel of extent report. Incase any failure in the test case we easily ideifiy script name  -->
					<!-- parameter name="testCaseDesc" is used to print test case desciption in extent report -->
					
					<include name="apiFarmerOverviewStart">
						<parameter name="testCaseName"
							value="apiFarmerOverviewStart" />
						<parameter name="testCaseDesc"
							value="Farmer overview Regression API validation Started" />
					</include>
					
					<include name="apiOverviewTabLeftPanel">
						<parameter name="testCaseName"
							value="apiOverviewTabLeftPanel" />
						<parameter name="testCaseDesc"
							value="Farmer overview-> Overview tab->Left Panel API validation" />
					</include>
  
					<include name="apiFarmersPopup">
						<parameter name="testCaseName"
							value="apiFarmersPopup" />
						<parameter name="testCaseDesc"
							value="Farmer overview-> Overview tab->Farmers Popup API validation" />
					</include>

					<include name="apiFarmerProfile">
						<parameter name="testCaseName"
							value="apiFarmerProfile" />
						<parameter name="testCaseDesc"
							value="Farmer overview-> Overview tab->Farmers Popup->Farmer Profile API validation" />
					</include>
					
					<include name="apiFarmDetails">
						<parameter name="testCaseName"
							value="apiFarmDetails" />
						<parameter name="testCaseDesc"
							value="Farmer overview Regression API validation Started" />
					</include>
					 			
					<include name="apiPhoneNumber">
						<parameter name="testCaseName"
							value="apiPhoneNumber" />
						<parameter name="testCaseDesc"
							value="Farmer overview-> Overview tab->Farmers Popup->Farmer Profile->Phone number block-> API validation" />
					</include>

					<include name="apiFarmManagementPlans">
						<parameter name="testCaseName"
							value="apiFarmManagementPlans" />
						<parameter name="testCaseDesc"
					value="Farmer overview-> Overview tab->Farmers Popup->Farmer Profile->Farm Management Plans block-> API validation" />
					</include>
					<include name="apiSubmittedModules">
						<parameter name="testCaseName"
							value="apiSubmittedModules" />
						<parameter name="testCaseDesc"
							value="Farmer overview-> Overview tab->Farmers Popup->Farmer Profile->Submitted Modules-> API validation" />
					</include>

					<include name="apiLeftSections">
						<parameter name="testCaseName"
							value="apiLeftSections" />
						<parameter name="testCaseDesc"
							value="Farmer overview-> Over view tab->Left Section->Sections Popup-> API validation" />
					</include>

					<include name="apiRightSections">
						<parameter name="testCaseName"
							value="apiRightSections" />
						<parameter name="testCaseDesc"
							value="Farmer overview-> Over view tab Right Section block API validation" />
					</include>

					<include name="apiReviewStatistics">
						<parameter name="testCaseName"
							value="apiReviewStatistics" />
						<parameter name="testCaseDesc"
							value="Farmer overview-> Over view tab->Review Statistics block API validation" />
					</include>

					<include name="apiSurveyCompleted">
						<parameter name="testCaseName"
							value="apiSurveyCompleted" />
						<parameter name="testCaseDesc"
							value="Farmer overview-> Over view tab->Survey Completed-> API validation" />
					</include>

					<include name="apiStatisticsOverview">
						<parameter name="testCaseName"
							value="apiStatisticsOverview" />
						<parameter name="testCaseDesc"
							value="Farmer overview-> Over view tab->Statistics block API validation" />
					</include>

					<include name="apiTrainingTabLeftPanel">
						<parameter name="testCaseName"
							value="apiTrainingTabLeftPanel" />
						<parameter name="testCaseDesc"
							value="Farmer overview-> Training tab->Left panel API validation" />
					</include>

					<include name="apiStatement">
						<parameter name="testCaseName"
							value="apiStatement" />
						<parameter name="testCaseDesc"
							value="Farmer overview-> Training tab->Statement block API validation" />
					</include>

					<include name="apiCourseList">
						<parameter name="testCaseName"
							value="apiCourseList" />
						<parameter name="testCaseDesc"
							value="Farmer overview-> Training tab->Course list block API validation" />
					</include>

					<include name="apiTrainingTabEnumerators">
						<parameter name="testCaseName"
							value="apiTrainingTabEnumerators" />
						<parameter name="testCaseDesc"
							value="Farmer overview-> Training tab->Enumerators block API validation" />
					</include>

					<include name="apiManagementTabLeftPanel">
						<parameter name="testCaseName"
							value="apiManagementTabLeftPanel" />
						<parameter name="testCaseDesc"
							value="Farmer overview-> Management tab->Left panel API validation" />
					</include>

					<include name="apiFdpInputProgress">
						<parameter name="testCaseName"
							value="apiFdpInputProgress" />
						<parameter name="testCaseDesc"
							value="Farmer overview-> Management tab->FDP Input Progress API validation" />
					</include>

					<include name="apiManagementSections">
						<parameter name="testCaseName"
							value="apiManagementSections" />
						<parameter name="testCaseDesc"
							value="Farmer overview-> Management tab->Sections API validation" />
					</include>
					
					<include name="apiGeneratedPlan">
						<parameter name="testCaseName"
							value="apiGeneratedPlan" />
						<parameter name="testCaseDesc"
							value="Farmer overview-> Management tab->Generated Plans API validation" />
					</include>

					<include name="apiFarmerManagementPlan">
						<parameter name="testCaseName"
							value="apiFarmerManagementPlan" />
						<parameter name="testCaseDesc"
							value="Validate loaded values in Management tab->Farmer Management Plan block(All block)->validation" />
					</include>

 					<include name="apiActivity">
						<parameter name="testCaseName"
							value="apiActivity" />
						<parameter name="testCaseDesc"
							value="Validate loaded values in Overview tab->Activity block-> Api validation" />
					</include>

				</methods>
			</class>
		</classes>
	</test>



</suite> <!-- Suite -->
