<?xml version="1.0" encoding="UTF-8"?>
<!DOCTYPE suite SYSTEM "http://testng.org/testng-1.0.dtd">
<suite name="TestSuite" thread-count="1">
	<parameter name="suiteType" value="Serial" />

	<test name="OLAM OFIS Regression test">
		<parameter name="testCaseNameLogin"
			value="Application Login" />
		<parameter name="testCaseDescLogin"
			value="Application Login functionality" />
		<parameter name="testCaseNameLogout"
			value="Application Logout" />
		<parameter name="testCaseDescLogout"
			value="Application Logout Functionality" />
		<classes>

			<class name="com.olam.ofis.testcases.RegressionTestCases">
				<methods>

					<!-- include name="farmerOverviewStartRegressionTest" is a @test methods to execute -->
					<!-- parameter name="testCaseName" is used same as method name(which automation script name) becuase this test case name shown in left panel of extent report. Incase any failure in the test case we easily ideifiy script name  -->
					<!-- parameter name="testCaseDesc" is used to print test case desciption in extent report -->
					
					<include name="taskListNavigation">
						<parameter name="testCaseName" value="taskListNavigation" />
						<parameter name="testCaseDesc"
							value="Validate loaded values in Tasks-Task List->Task Details->validation" />
					</include>
   <!--
					<include name="taskDetailsActionsEditAndAddAssignees">
						<parameter name="testCaseName"
							value="taskDetailsActionsEditAndAddAssignees" />
						<parameter name="testCaseDesc"
							value="Validate loaded values in Tasks-Task List->Task Details->Edit Task Details->validation" />
					</include>
 
					<include name="enumeratorGroupSearchAndView">
						<parameter name="testCaseName"
							value="enumeratorGroupSearchAndView" />
						<parameter name="testCaseDesc"
							value="Validate loaded values in Tasks-Task List->Enumerator Group->validation" />
					</include>

					<include name="chooseRecipientSearchAndView">
						<parameter name="testCaseName"
							value="chooseRecipentSearchAndView" />
						<parameter name="testCaseDesc"
							value="Validate loaded values in Tasks-Task List->Choose Recipient->Search and View->validation" />
					</include>

					<include name="smsCampaignsNavigation">
						<parameter name="testCaseName"
							value="smsCampaigns" />
						<parameter name="testCaseDesc"
							value="Validate loaded values in Tasks-smsCampaigns->validation" />
					</include>
--> 					
<!-- This test case is kept on hold due to application bug and Fix is not planed because it is not used production
					<include name="smsCampaignsChooseRecipient">
						<parameter name="testCaseName"
							value="smsCampaignschooseRecipient" />
						<parameter name="testCaseDesc"
							value="Validate loaded values in Tasks-smsCampaigns->Choose Recipients->validation" />
					</include>
 -->
<!-- 
					<include name="reviewSubmittedDataCocoaAnnualSurvey">
						<parameter name="testCaseName"
							value="reviewSubmittedDataCocoaAnnualSurvey" />
						<parameter name="testCaseDesc"
							value="Validate loaded values in Tasks->Review Submitted Data->popup Cocoa ANNUAL Survey and Farmer Profile->validation" />
					</include>
   			
					<include name="reviewSubmittedDataCocoaBaselineSurvey">
						<parameter name="testCaseName"
							value="reviewSubmittedDataCocoaBaselineSurvey" />
						<parameter name="testCaseDesc"
							value="Validate loaded values in Tasks->Review Submitted Data->popup Cocoa BASELINE Survey and Farmer Profile->validation" />
					</include>
	
					<include name="taskManageGpxFindFarmerButtonDisabledValidation">
						<parameter name="testCaseName"
							value="taskManageGpxFindFarmerButtonDisabledValidation" />
						<parameter name="testCaseDesc"
							value="Naviate to Tasks->ManageGPX and Find Farmer button Disabled validation" />
					</include>
 					
					<include name="taskManageGpxFindFarmerButtonEnabledValidation">
						<parameter name="testCaseName"
							value="taskManageGpxFindFarmerButtonEnabledValidation" />
						<parameter name="testCaseDesc"
							value="Naviate to Tasks->ManageGPX and Find Farmer button Enabled validation" />
					</include>
 	 -->
					<include name="taskManageGpxSearchFarmer">
						<parameter name="testCaseName"
							value="taskManageGpxSearchFarmer" />
						<parameter name="testCaseDesc"
							value="Naviate to Tasks->ManageGPX and validate search farmer functionality" />
					</include>			
 
				</methods>
			</class>
		</classes>
	</test>

</suite> <!-- Suite -->
