<?xml version="1.0" encoding="UTF-8"?>
<!DOCTYPE suite SYSTEM "http://testng.org/testng-1.0.dtd">
<suite name="TestSuite" thread-count="1">
	<parameter name="suiteType" value="Serial" />

	<test name="OLAM OFIS Regression test">
		<parameter name="testCaseNameLogin"
			value="Application Login" />
		<parameter name="testCaseDescLogin"
			value="Application Login functionality" />
		<parameter name="testCaseNameLogout"
			value="Application Logout" />
		<parameter name="testCaseDescLogout"
			value="Application Logout Functionality" />
		<classes>

			<class name="com.olam.ofis.testcases.RegressionTestCases">
				<methods>
					<!-- include name="farmerOverviewStartRegressionTest" is a @test methods to execute -->
					<!-- parameter name="testCaseName" is used same as method name(which automation script name) becuase this test case name shown in left panel of extent report. Incase any failure in the test case we easily ideifiy script name  -->
					<!-- parameter name="testCaseDesc" is used to print test case desciption in extent report -->
					
					<include name="farmerOverviewStartRegressionTest">
						<parameter name="testCaseName"
							value="farmerOverviewStartRegressionTest" />
						<parameter name="testCaseDesc"
							value="Farmer overview Regression Started" />
					</include>
					
					<!--Please don't change the Sequence Order in Each Block - FarmersBlockOrder-1 -->	
					<include name="farmersBlockRegressionTest">
						<parameter name="testCaseName"
							value="farmersBlockRegressionTest" />
						<parameter name="testCaseDesc"
							value="Validate loaded values in OVERVIEW TAB->Farmersblock->Farmers->FarmerProfile->validation" />
					</include>
					
					<!--Please don't change the Sequence Order in Each Block - EnumeratorsBlockOrder-1 -->
					<include name="enumeratorBlockRegressionTest">
						<parameter name="testCaseName"
							value="enumeratorBlockRegressionTest" />
						<parameter name="testCaseDesc"
							value="Validate loaded values in OVERVIEW TAB->EnumeratorBlock->Enumerators->Enumerator Details->validation" />
					</include>
					
					<!--Please don't change the Sequence Order in Each Block - EnumeratorsBlockOrder-2 -->
					<include name="farmersAddedBlockRegressionTest">
						<parameter name="testCaseName"
							value="farmersAddedBlockRegressionTest" />
						<parameter name="testCaseDesc"
							value="Validate loaded values in OVERVIEW TAB->EnumeratorBlock>Enumerators->FARMERS ADDED->Farmer Profile->validation" />
					</include>
					
					<!--Please don't change the Sequence Order in Each Block - EnumeratorsBlockOrder-3 -->
					<include name="recentSurveyBlockRegressionTest">
						<parameter name="testCaseName"
							value="recentSurveyBlockRegressionTest" />
						<parameter name="testCaseDesc"
							value="Validate loaded values in OVERVIEW TAB-> EnumeratorBlock>Enumerators->RECENT SURVEYS->STATISTICS->validation" />
					</include>
					
					<!--Please don't change the Sequence Order in Each Block - EnumeratorsBlockOrder-4 -->
					<include name="enumeratorViewBlockRegressionTest">
						<parameter name="testCaseName"
							value="enumeratorViewBlockRegressionTest" />
						<parameter name="testCaseDesc"
							value="Validate loaded values in OVERVIEW TAB-> EnumeratorBlock>Enumerators->RECENT SURVEYS->STATISTICS->Enumerator View->validation" />
					</include>
					
					<!--Please don't change the Sequence Order in Each Block - EnumeratorsBlockOrder-5 -->
					<include name="surveyBlockRegressionTest">
						<parameter name="testCaseName"
							value="surveyBlockRegressionTest" />
						<parameter name="testCaseDesc"
							value="Validate loaded values in OVERVIEW TAB-> EnumeratorBlock>Enumerators->RECENT SURVEYS->STATISTICS->MODULE VIEW->validation" />
					</include>
					
					<!--Please don't change the Sequence Order in Each Block - EnumeratorsBlockOrder-6 -->
					<include name="questionsBlockRegressionTest">
						<parameter name="testCaseName"
							value="questionsBlockRegressionTest" />
						<parameter name="testCaseDesc"
							value="Validate loaded values in OVERVIEW TAB->EnumeratorBlock>Enumerators->RECENT SURVEYS->STATISTICS->MODULE VIEW->TOTAL QUESTIONS VIEW->validation" />
					</include>
					
					<!--Please don't change the Sequence Order in Each Block - EnumeratorsBlockOrder-7 -->
					<include name="farmersCompletedBlockRegressionTest">
						<parameter name="testCaseName"
							value="farmersCompletedBlockRegressionTest" />
						<parameter name="testCaseDesc"
							value="Validate loaded values in OVERVIEW TAB->EnumeratorBlock>Enumerators->RECENT SURVEYS->STATISTICS->MODULE VIEW->FARMERS COMPLETED VIEW->validation" />
					</include>
					
					<!--Please don't change the Sequence Order in Each Block - EnumeratorsBlockOrder-8 -->
					<include
						name="surveyNotCompletedFarmerProfileRegressionTest">
						<parameter name="testCaseName"
							value="surveyNotCompletedFarmerProfileRegressionTest" />
						<parameter name="testCaseDesc"
							value="Validate loaded values in OVERVIEW TAB->EnumeratorBlock>Enumerators->RECENT SURVEYS->STATISTICS->MODULE VIEW->FARMERS COMPLETED VIEW->SURVEY NOT COMPLETED->Farmer Profile->validation" />
					</include>
					
					<!--Please don't change the Sequence Order in Each Block - EnumeratorsBlockOrder-9 -->
					<include name="surveyCompletedFarmerProfileRegressionTest">
						<parameter name="testCaseName"
							value="surveyCompletedFarmerProfileRegressionTest" />
						<parameter name="testCaseDesc"
							value="Validate loaded values in OVERVIEW TAB->EnumeratorBlock>Enumerators->RECENT SURVEYS->STATISTICS->MODULE VIEW->FARMERS COMPLETED VIEW->SURVEY COMPLETED->Farmer Profile->validation" />
					</include>
					
					<!--Please don't change the Sequence Order in Each Block - EnumeratorsBlockOrder-10 -->
					<include name="subModule1stRecordRegressionTest">
						<parameter name="testCaseName"
							value="subModule1stRecordRegressionTest" />
						<parameter name="testCaseDesc"
							value="Validate loaded values in OVERVIEW TAB->EnumeratorBlock>Enumerators->RECENT SURVEYS->STATISTICS->MODULE VIEW->SUB MODULES->1st record->validation" />
					</include>
					
					<!--Please don't change the Sequence Order in Each Block - SectionsBlockOrder-1 -->
					<include name="sectionsBlockRegressionTest">
						<parameter name="testCaseName"
							value="sectionsBlockRegressionTest - Left panel" />
						<parameter name="testCaseDesc"
							value="Validate loaded values in OVERVIEW TAB->Sections block->STATISTICS->validation" />
					</include>
					
					<!--Please don't change the Sequence Order in Each Block - SectionsBlockOrder-2 -->
					<include name="sectionsFarmersBlockRegressionTest">
						<parameter name="testCaseName"
							value="sectionsFarmersBlockRegressionTest" />
						<parameter name="testCaseDesc"
							value="Validate loaded values in OVERVIEW TAB->Sections block->FARMERS->Farmer Profile->validation" />
					</include>
					
					<!--Please don't change the Sequence Order in Each Block - RightSectionsBlockOrder-1 -->
					<include name="rightSectionsBlockRegressionTest">
						<parameter name="testCaseName"
							value="rightSectionsBlockRegressionTest" />
						<parameter name="testCaseDesc"
							value="Validate loaded values in OVERVIEW TAB->right panel-Sections block->STATISTICS->validation" />
					</include>
					
					<!--Please don't change the Sequence Order in Each Block - RightSectionsBlockOrder-2 -->
					<include name="rightSectionsFarmersBlockRegressionTest">
						<parameter name="testCaseName"
							value="rightSectionsFarmersBlockRegressionTest" />
						<parameter name="testCaseDesc"
							value="Validate loaded values in OVERVIEW TAB->right panel-Sections block->FARMERS->Farmer Profile->validation" />
					</include>
					
					<!--Please don't change the Sequence Order in Each Block - SurveyCompletedBlockOrder-1 -->
					<include name="surveysCompQuestionsBlockRegressionTest">
						<parameter name="testCaseName"
							value="surveysCompQuestionsBlockRegressionTest" />
						<parameter name="testCaseDesc"
							value="Validate loaded values in OVERVIEW TAB->Survey Completed block(item-1)->STATISTICS->validation" />
					</include>
					
					<!--Please don't change the Sequence Order in Each Block - SurveyCompletedBlockOrder-2 -->
					<include
						name="surveysCompFarmersCompletedBlockRegressionTest">
						<parameter name="testCaseName"
							value="surveysCompFarmersCompletedBlockRegressionTest" />
						<parameter name="testCaseDesc"
							value="Validate loaded values in OVERVIEW TAB->Survey Completed block(item-1)->STATISTICS->FARMERS COMPLETED->validation" />
					</include>
					
					<!--Please don't change the Sequence Order in Each Block - SurveyCompletedBlockOrder-3 -->
					<include
						name="surveysCompSurveysNotCompletedRegressionTest">
						<parameter name="testCaseName"
							value="surveysCompSurveysNotCompletedRegressionTest" />
						<parameter name="testCaseDesc"
							value="Validate loaded values in OVERVIEW TAB->Survey Completed block(item-1)->STATISTICS->FARMERS COMPLETED->->Survey Not Completed block->validation" />
					</include>
					
					<!--Please don't change the Sequence Order in Each Block - SurveyCompletedBlockOrder-4 -->
					<include name="surveysCompSurveysCompletedRegressionTest">
						<parameter name="testCaseName"
							value="surveysCompSurveysCompletedRegressionTest" />
						<parameter name="testCaseDesc"
							value="Validate loaded values in OVERVIEW TAB->Survey Completed block(item-1)->STATISTICS->FARMERS COMPLETED->->Survey Completed block->validation" />
					</include>
					
					<!--Please don't change the Sequence Order in Each Block - SurveyCompletedBlockOrder-5 -->
					<include name="surveysCompSubModule1stRecordRegressionTest">
						<parameter name="testCaseName"
							value="surveysCompSubModule1stRecordRegressionTest" />
						<parameter name="testCaseDesc"
							value="Validate loaded values in OVERVIEW TAB->Survey Completed block(item-1)->STATISTICS->Sub Module->1st Record->validation" />
					</include>
					
					<!--Please don't change the Sequence Order in Each Block - SurveyCompletedBlockOrder-6 -->
					<include
						name="surveysCompAnnualQuestionsBlockRegressionTest">
						<parameter name="testCaseName"
							value="surveysCompAnnualQuestionsBlockRegressionTest" />
						<parameter name="testCaseDesc"
							value="Validate loaded values in OVERVIEW TAB->Survey Completed block(item-2)->STATISTICS->validation" />
					</include>
					
					<!--Please don't change the Sequence Order in Each Block - SurveyCompletedBlockOrder-7 -->	
					<include
						name="surveysCompAnnualFarmersCompletedBlockRegressionTest">
						<parameter name="testCaseName"
							value="surveysCompAnnualFarmersCompletedBlockRegressionTest" />
						<parameter name="testCaseDesc"
							value="Validate loaded values in OVERVIEW TAB->Survey Completed block(item-2)->STATISTICS->FARMERS COMPLETED->validation" />
					</include>
					
					<!--Please don't change the Sequence Order in Each Block - SurveyCompletedBlockOrder-8 -->
					<include
						name="surveysCompAnnualSurveysNotCompletedRegressionTest">
						<parameter name="testCaseName"
							value="surveysCompAnnualSurveysNotCompletedRegressionTest" />
						<parameter name="testCaseDesc"
							value="Validate loaded values in OVERVIEW TAB->Survey Completed block(item-2)->STATISTICS->FARMERS COMPLETED->Survey Not Completed block->validation" />
					</include>
					
					<!--Please don't change the Sequence Order in Each Block - SurveyCompletedBlockOrder-9 -->
					<include
						name="surveysCompAnnualSurveysCompletedRegressionTest">
						<parameter name="testCaseName"
							value="surveysCompAnnualSurveysCompletedRegressionTest" />
						<parameter name="testCaseDesc"
							value="Validate loaded values in OVERVIEW TAB->Survey Completed block(item-2)->STATISTICS->FARMERS COMPLETED->->Survey Completed block->validation" />
					</include>
					
					<!--Please don't change the Sequence Order in Each Block - SurveyCompletedBlockOrder-10 -->
					<include
						name="surveysCompAnnualSubModule1stRecordRegressionTest">
						<parameter name="testCaseName"
							value="surveysCompAnnualSubModule1stRecordRegressionTest" />
						<parameter name="testCaseDesc"
							value="Validate loaded values in OVERVIEW TAB->Survey Completed block(item-2)->STATISTICS->Sub Module->1st Record->validation" />
					</include>
					
					<include name="activityRegressionTest">
						<parameter name="testCaseName"
							value="activityRegressionTest" />
						<parameter name="testCaseDesc"
							value="Farmer overview-> Over view tab->Activity block -> validation" />
					</include>
    
					<!--Please don't change the Sequence Order in Each Block - StatementBlockOrder-1 -->
					<include name="statementBlockRegressionTest">
						<parameter name="testCaseName"
							value="statementBlockRegressionTest" />
						<parameter name="testCaseDesc"
							value="Validate loaded values in TRAINING TAB->Statement block->validation" />
					</include>
					
					<!--Please don't change the Sequence Order in Each Block - StatementBlockOrder-2 -->
					<include name="attendeesBlockRegressionTest">
						<parameter name="testCaseName"
							value="attendeesBlockRegressionTest" />
						<parameter name="testCaseDesc"
							value="Validate loaded values in TRAINING TAB->Statement Block->Attendees block->validation" />
					</include>
					
					<!--Please don't change the Sequence Order in Each Block - CourselistBlockOrder-1 -->
					<include name="courseListBlockRegressionTest">
						<parameter name="testCaseName"
							value="courseListBlockRegressionTest" />
						<parameter name="testCaseDesc"
							value="Validate loaded values in TRAINING TAB->Course list block->validation" />
					</include>
					
					<!--Please don't change the Sequence Order in Each Block - CourselistBlockOrder-2 -->
					<include name="trainingModulesRegressionTest">
						<parameter name="testCaseName"
							value="trainingModulesRegressionTest" />
						<parameter name="testCaseDesc"
							value="Validate loaded values in TRAINING TAB->Course list block->Training Modules block->validation" />
					</include>
					
					<!--Please don't change the Sequence Order in Each Block - CourselistBlockOrder-3 -->
					<include name="farmersAttemptedBlockRegressionTest">
						<parameter name="testCaseName"
							value="farmersAttemptedBlockRegressionTest" />
						<parameter name="testCaseDesc"
							value="Validate loaded values in TRAINING TAB->Course list block->Farmers Attempts block->validation" />
					</include>
					
					<!--Please don't change the Sequence Order in Each Block - CourselistBlockOrder-4 -->
					<include
						name="farmersAttemptedBlockFarmerProfileRegressionTest">
						<parameter name="testCaseName"
							value="farmersAttemptedBlockFarmerProfileRegressionTest" />
						<parameter name="testCaseDesc"
							value="Validate loaded values in TRAINING TAB->Course list block->Farmers Attempts block->Farmer profile->validation" />
					</include>
					
					<!--Please don't change the Sequence Order in Each Block - CourselistBlockOrder-5 -->
					<include name="lastSessionsBlockRegressionTest">
						<parameter name="testCaseName"
							value="lastSessionsBlockRegressionTest" />
						<parameter name="testCaseDesc"
							value="Validate loaded values in TRAINING TAB->Course list block->Last Sessions Block->validation" />
					</include>
					
					<!--Please don't change the Sequence Order in Each Block - CourselistBlockOrder-6 -->
					<include name="lastSessionsBlockAttendeesBlockRegressionTest">
						<parameter name="testCaseName"
							value="lastSessionsBlockAttendeesRegressionTest" />
						<parameter name="testCaseDesc"
							value="Validate loaded values in TRAINING TAB->Course list->Last Sessions->Attendees Block->validation" />
					</include>
					
					<!--Please don't change the Sequence Order in Each Block - TrainingTabEnumeratorsBlockOrder-1 -->
					<include name="trainingBlockEnumeratorsRegressionTest">
						<parameter name="testCaseName"
							value="trainingBlockEnumeratorsRegressionTest" />
						<parameter name="testCaseDesc"
							value="Validate loaded values in TRAINING TAB->Enumerators Block->validation" />
					</include>
					
					<!--Please don't change the Sequence Order in Each Block - TrainingTabEnumeratorsBlockOrder-2 -->
					<include name="trainingBlockTrainingModulesRegressionTest">
						<parameter name="testCaseName"
							value="trainingBlockTrainingModulesRegressionTest" />
						<parameter name="testCaseDesc"
							value="Validate loaded values in TRAINING TAB->Enumerators->Training Modules Block->validation" />
					</include>
					
					<!--Please don't change the Sequence Order in Each Block - TrainingTabEnumeratorsBlockOrder-3 -->
					<include name="recentTrainingDaysRegressionTest">
						<parameter name="testCaseName"
							value="recentTrainingDaysRegressionTest" />
						<parameter name="testCaseDesc"
							value="Validate loaded values in TRAINING TAB->Enumerators->Training Modules->Recent Training Days Block->validation" />
					</include>
					
					<!--Please don't change the Sequence Order in Each Block - TrainingTabEnumeratorsBlockOrder-4 -->
					<include
						name="recentTrainingDaysAttendeesBlockRegressionTest">
						<parameter name="testCaseName"
							value="recentTrainingDaysAttendeesBlockRegressionTest" />
						<parameter name="testCaseDesc"
							value="Validate loaded values in TRAINING TAB->Enumerators->Training Modules->Recent Training Days->Attendees Block->validation" />
					</include>
					
					<!--Please don't change the Sequence Order in Each Block - ManagementTab FarmerManagementPlanBlockOrder-1 -->
					<include name="farmerManagementPlanRegressionTest">
						<parameter name="testCaseName"
							value="farmerManagementPlanRegressionTest" />
						<parameter name="testCaseDesc"
							value="Validate loaded values in MANAGEMENT TAB->farmer Management Plan block(All block)->validation" />
					</include>

				</methods>
			</class>
		</classes>
	</test>



</suite> <!-- Suite -->
