<?xml version="1.0" encoding="UTF-8"?>
<!DOCTYPE suite SYSTEM "http://testng.org/testng-1.0.dtd">
<suite name="SmokeTest" thread-count="1">
	<parameter name="suiteType" value="Serial" />

	<test name="OLAM OFIS Smoke test">
		<parameter name="testCaseNameLogin"
			value="Application Login" />
		<parameter name="testCaseDescLogin"
			value="Application Login functionality" />
		<parameter name="testCaseNameLogout"
			value="Application Logout" />
		<parameter name="testCaseDescLogout"
			value="Application Logout Functionality" />
		<classes>
			<class name="com.olam.ofis.testcases.SmokeTestCases">
				<methods>
  
  					<!-- include name="farmerOverviewStartRegressionTest" is a @test methods to execute -->
					<!-- parameter name="testCaseName" is used same as method name(which automation script name) becuase this test case name shown in left panel of extent report. Incase any failure in the test case we easily ideifiy script name  -->
					<!-- parameter name="testCaseDesc" is used to print test case desciption in extent report -->
					
					<include name="dashboardSmokeTest">
						<parameter name="testCaseName"
							value="dashboardSmokeTest" />
						<parameter name="testCaseDesc"
							value="Login 
						and validate loaded values in Dashboard" />
					</include>
<!-- -->	
					<include name="analysisSmokeTest">
						<parameter name="testCaseName"
							value="analysisSmokeTest" />
						<parameter name="testCaseDesc"
							value="Naviate to Analysis page and validate loaded 
						values in Analysis page" />
					</include>

					<include name="farmerOverviewSmokeTest">
						<parameter name="testCaseName"
							value="farmerOverviewSmokeTest" />
						<parameter name="testCaseDesc"
							value="Search Farmer Overview page and 
						validate loaded values in Farmer Overview page" />
					</include>
					
					<include name="tasksListSmokeTest">
						<parameter name="testCaseName"
							value="tasksListSmokeTest" />
						<parameter name="testCaseDesc"
							value="Login and navigate to Tasks List page and edit 1st record and validate loaded values" />
					</include>

					<include name="smsCampaignsSmokeTest">
						<parameter name="testCaseName"
							value="smsCampaignsSmokeTest" />
						<parameter name="testCaseDesc"
							value="Login and navigate to SMS Campaigns page and edit 1st record and validate loaded values" />
					</include>
					
					<include name="usersSmokeTest">
						<parameter name="testCaseName"
							value="usersSmokeTest" />
						<parameter name="testCaseDesc"
							value="Login and navigate to Users 
						page and edit 1st record and validate loaded values" />
					</include>

					<include name="enumeratorSmokeTest">
						<parameter name="testCaseName"
							value="enumeratorSmokeTest" />
						<parameter name="testCaseDesc"
							value="Login and navigate 
						to Enumerator page and edit 1st record and validate loaded values" />
					</include>

					<include name="rolesSmokeTest">
						<parameter name="testCaseName"
							value="rolesSmokeTest" />
						<parameter name="testCaseDesc"
							value="Login and navigate 
						to Roles page and edit 1st record and validate loaded values" />
					</include>

					<include name="permissionsSmokeTest">
						<parameter name="testCaseName"
							value="permissionsSmokeTest" />
						<parameter name="testCaseDesc"
							value="Login 
						and navigate to Permissions page and edit 1st record and validate loaded 
						values" />
					</include>

					<include name="countriesSmokeTest">
						<parameter name="testCaseName"
							value="countriesSmokeTest" />
						<parameter name="testCaseDesc"
							value="Login 
						and navigate to Countries page and edit 1st record and validate loaded 
						values" />
					</include>

					<include name="regionsSmokeTest">
						<parameter name="testCaseName"
							value="regionsSmokeTest" />
						<parameter name="testCaseDesc"
							value="Login 
						and navigate to Regions page and edit 1st record and validate loaded values" />
					</include>

					<include name="districtsSmokeTest">
						<parameter name="testCaseName"
							value="districtsSmokeTest" />
						<parameter name="testCaseDesc"
							value="Login and navigate to districts page and edit 1st record and validate 
						loaded values" />
					</include>

					<include name="placesSmokeTest">
						<parameter name="testCaseName"
							value="placesSmokeTest" />
						<parameter name="testCaseDesc"
							value="Login and navigate to Places page and edit 1st record and validate 
						loaded values" />
					</include>

					<include name="farmerGroupsSmokeTest">
						<parameter name="testCaseName"
							value="farmerGroupsSmokeTest" />
						<parameter name="testCaseDesc"
							value="Login and navigate to Farmer Groups 
						page and edit 1st record and validate loaded values" />
					</include>

					<include name="sectionsSmokeTest">
						<parameter name="testCaseName"
							value="sectionsSmokeTest" />
						<parameter name="testCaseDesc"
							value="Login 
						and navigate to Sections page and edit 1st record and validate loaded 
						values" />
					</include>

					<include name="programmesSmokeTest">
						<parameter name="testCaseName"
							value="programmesSmokeTest" />
						<parameter name="testCaseDesc"
							value="Login and navigate to Programmes page and edit 1st record and 
						validate loaded values" />
					</include>

					<include name="partnersSmokeTest">
						<parameter name="testCaseName"
							value="partnersSmokeTest" />
						<parameter name="testCaseDesc"
							value="Login and navigate to Partners 
						page and edit 1st record and validate loaded values" />
					</include>

					<include name="productsSmokeTest">
						<parameter name="testCaseName"
							value="productsSmokeTest" />
						<parameter name="testCaseDesc"
							value="Login 
						and navigate to Products page and edit 1st record and validate loaded 
						values" />
					</include>

					<include name="molulesSmokeTest">
						<parameter name="testCaseName"
							value="molulesSmokeTest" />
						<parameter name="testCaseDesc"
							value="Login 
						and navigate to Modules page and edit 1st record and validate loaded 
						values" />
					</include>

					<include name="subMolulesSmokeTest">
						<parameter name="testCaseName"
							value="subMolulesSmokeTest" />
						<parameter name="testCaseDesc"
							value="Login and navigate to Sub Modules page and edit 1st record and 
						validate loaded values" />
					</include>

					<include name="moluleAssignmentsSmokeTest">
						<parameter name="testCaseName"
							value="moluleAssignmentsSmokeTest" />
						<parameter name="testCaseDesc"
							value="Login and navigate to 
						Molule Assignments page and edit 1st record and validate loaded values" />
					</include>

					<include name="questionsSmokeTest">
						<parameter name="testCaseName"
							value="questionsSmokeTest" />
						<parameter name="testCaseDesc"
							value="Login and navigate to Questions page and edit 1st record and validate 
						loaded values" />
					</include>

					<include name="lookupValuesSmokeTest">
						<parameter name="testCaseName"
							value="lookupValuesSmokeTest" />
						<parameter name="testCaseDesc"
							value="Login and navigate to Lookup Values 
						page and edit 1st record and validate loaded values" />
					</include>

					<include name="dimensionsSmokeTest">
						<parameter name="testCaseName"
							value="dimensionsSmokeTest" />
						<parameter name="testCaseDesc"
							value="Login 
						and navigate to Dimensions page and edit 1st record and validate loaded 
						values" />
					</include>

					<include name="dimensionsGroupsSmokeTest">
						<parameter name="testCaseName"
							value="dimensionsGroupsSmokeTest" />
						<parameter name="testCaseDesc"
							value="Login and navigate to Dimensions Groups 
						page and edit 1st record and validate loaded values" />
					</include>

					<include name="socialInfrastructurePointSmokeTest">
						<parameter name="testCaseName"
							value="socialInfrastructurePointSmokeTest" />
						<parameter name="testCaseDesc"
							value="Login and navigate to Social Infrastructure Point page and edit 1st 
						record and validate loaded values" />
					</include>

					<include name="coursesSmokeTest">
						<parameter name="testCaseName"
							value="coursesSmokeTest" />
						<parameter name="testCaseDesc"
							value="Login and navigate to Courses page and edit 
						1st record and validate loaded values" />
					</include>

					<include name="trainingModulesSmokeTest">
						<parameter name="testCaseName"
							value="trainingModulesSmokeTest" />
						<parameter name="testCaseDesc"
							value="Login and navigate to Training 
						Modules page and edit 1st record and validate loaded values" />
					</include>

					<include name="completionCriteriaSmokeTest">
						<parameter name="testCaseName"
							value="completionCriteriaSmokeTest" />
						<parameter name="testCaseDesc"
							value="Login and navigate to Completion Criteria page and edit 1st record 
						and validate loaded values" />
					</include>

					<include name="farmerManagementPlanSmokeTest">
						<parameter name="testCaseName"
							value="farmerManagementPlanSmokeTest" />
						<parameter name="testCaseDesc"
							value="Login and navigate to 
						Farmer Management Plan page and edit 1st record and validate loaded values" />
					</include>

				</methods>
			</class>
		</classes>
	</test>


</suite> <!-- Suite -->
